x,y,class
0.959137268798166,1.12960324506563,0
-2.0918748404549,0.345846066942234,1
-1.31055331447114,5.26237086090086,0
0.955036446086682,6.87443123734423,1
0.672481403747258,-0.598560998152296,1
-2.55848139541449,1.56269163684688,1
1.6045731508502,1.57152900735519,0
-3.51358550620074,0.754353062191022,0
-3.25893158350146,-1.47268313928836,0
-0.434412736445465,2.6957339047054,1
0.988094817240494,4.99422267209595,0
-0.742710181333057,7.31711013030213,1
2.38442187473243,-0.648198065897484,1
2.76729847501385,-0.891188467773051,1
-0.645637047381571,4.37488445871112,0
-2.48062436115243,2.11975274130067,1
-0.772046847268223,4.48516816118802,0
-1.41343132475834,4.07231106457092,0
-2.43944854403853,5.6326516761294,0
0.360311087353795,0.286624765457631,1
-2.09694131485522,2.30217299676237,1
0.222444825932611,0.418924105048196,0
0.257517179934528,-0.733587330682795,1
-1.03460240727406,0.929873316959027,1
1.50920803644769,2.42087069818063,0
1.04777298694546,3.88157523077279,0
1.85714836800404,7.18985768118539,1
-0.97802566085574,3.97779306303921,0
2.64363061210971,-0.238457358347134,1
-0.47621972017545,-1.13312197209279,1
0.466443431502907,3.42513245532262,0
2.17310422206147,0.723432502373519,0
1.57654002532439,1.49666670211134,0
-1.54801839199706,1.86074464124813,1
-2.37985138701707,1.52170442868446,1
-1.64900237464875,5.1621682388277,0
0.148746577934633,-0.437228659483023,1
-0.291046913160689,-0.467340244579573,1
1.26753489807707,-1.10778073777978,1
2.41757297016563,3.73402568135674,0
-1.29817195882756,1.92865147127959,1
0.600920612289293,4.68161779642019,0
0.50526988820266,-0.984344316995009,1
1.93337965394897,3.35257795799335,0
-0.247368669922477,4.78930453006278,0
1.86372470414229,2.79925315434104,0
1.59655395313768,1.44305180665394,0
-2.64584319946949,1.31912239125214,1
1.1886812032967,4.2550726457722,0
-2.35415391574094,1.21531987699621,1
3.685304298887,1.80022094844819,1
-1.77779998470877,1.23991554071182,1
1.54421681625341,-2.62541984538603,1
0.48113345619422,2.91954557104904,0
-1.92798254734905,5.22712863751508,0
-2.648187829715,3.56940095269763,0
-1.42387043046546,4.06577412350681,0
0.138560157581358,3.04442072226561,1
0.226170978807655,3.88619396292263,0
-2.07368768330457,4.08316003013649,0
-1.9671220584063,5.21621998785744,0
-2.20117340001818,1.72301100655252,1
-2.7197504490305,5.87264379028446,0
0.171426675070516,-0.561196715551347,1
-1.77746042411348,1.56632445646239,1
-0.395793581274323,5.08687938155379,0
0.88787180459539,4.3150657117832,0
1.86365945825529,2.57689934325617,0
1.82621019981075,5.09795012493536,0
-5.04735985848025,0.99576641962668,0
-1.17740322368706,4.8251454439903,0
-1.29673088196608,0.380512014821012,1
-0.723374593531476,3.05039708563596,1
3.50031687340706,3.50775092187745,1
-1.67244638219193,2.24774234290413,1
-2.24622382975264,1.38500811676134,1
0.419230322650567,2.04669173524104,0
2.14462063853782,6.77606373770896,1
3.67414706414612,-0.908144904804776,1
2.17940964216112,0.795075715583937,0
3.58914155891734,2.62719453706177,1
1.93815560585169,-0.234567671462119,1
3.89251300496009,0.649354379119486,1
2.23218588646265,-0.503365061352211,1
-1.55727467993086,2.230719223032,1
1.3410486506274,3.32925206814432,0
5.25050803116207,0.825420495757433,1
-0.3042531500087,0.975940739099989,0
-1.63876591033283,-0.78505038091218,1
1.59728397070402,2.02544974323965,0
0.490541717634937,-1.2016863089034,1
1.15866012920201,-0.48770518739969,1
2.57049829919435,3.11791087148039,0
1.75780213543177,0.411789418436096,0
-1.1999045660215,1.4514022510679,1
1.30379838305105,2.17394923972641,0
-1.04021875670445,-0.36347456284262,1
-1.08270025111726,-1.46320208452879,1
0.826660994823696,1.26860881128361,0
-0.656832266262581,0.806275894630215,0
3.34862040324543,4.40659639891228,1
-0.881282391219641,5.63494607777512,0
-1.25599102142393,0.790449662158049,1
-1.64095592849837,2.71606624353121,1
-2.24877106950221,2.7539942345657,1
2.46983831603197,1.51203453361431,0
-0.734633662007292,-0.885407774727736,1
2.23826646007488,3.7504742349906,0
0.556578665664389,0.877406535900955,0
0.499176814666232,-1.37549237034787,1
-0.0124586942537839,-1.48949041764533,1
-3.72925004635886,4.62746206422305,0
-0.348784270007292,0.0452786347096237,1
-3.64826182357397,2.52999771782005,0
1.75652831001907,3.85960730562152,0
3.02336106342427,-0.0626599804460719,1
-1.59599674168166,0.775091110111663,1
3.23276693552478,0.68558344110261,1
0.766039643673248,-0.208460811112442,1
1.51362031361381,-0.520283165027565,1
-0.666906112559692,-0.945990792815842,1
1.57749223715026,2.93440908224319,0
-2.7417692213186,4.4641600922685,0
-2.92566457335124,3.43822924742492,0
1.72246218208988,-1.92932710888011,1
3.3092285006367,0.358933081280783,1
-0.194300097519235,4.72964669393265,0
-2.76002376204928,1.40328252286373,1
-2.91840807269889,1.23445773333306,1
-0.256280191974144,2.07833083870775,1
-1.43753493431798,4.91289220492243,0
-2.49386654948032,2.5889005193309,1
-1.05378889106885,2.47326340701291,1
0.413646821896576,-0.882118234449279,1
-1.15039576603622,2.57691277123794,1
-2.97602206973176,-0.951770711796386,0
-0.715046056993135,1.94355776113905,1
1.50956681985209,-0.987918885916263,1
1.79900042565262,3.50675963875989,0
1.65410370974698,3.48911107822507,0
2.66481025202805,4.27171458122457,0
-1.12272154822492,7.57425517597849,1
-1.98247994794386,5.05585250036367,0
-1.49473116464462,-0.647568166410836,1
0.157425764686972,3.70431476342613,1
2.40011614330611,-0.848060908117133,1
-3.07022295344556,3.61705494455716,0
-2.30095117856784,1.33161256988127,1
1.01572425678631,4.98331779900669,0
-3.03330808372573,2.87949909210699,0
-0.18026048284491,2.98031540992253,1
1.00402645293771,3.05054057508884,0
0.226918191242027,-0.952264941154732,1
-1.29681895838244,0.0534421203910935,1
-1.32099959826714,0.0361467734925578,1
-2.57357015786854,0.619919082884949,1
-2.21450495134537,2.87567742283917,1
-0.0375253677316721,1.29751738537571,0
0.936612125935069,7.36106016067224,1
2.18601108582587,-1.03317354754611,1
-2.83044726264132,1.70530364221768,1
2.36832718324208,2.1252324733948,0
3.61711061930735,1.5914468688892,1
0.239099166115882,-0.942130011169459,1
1.59141678696294,4.34758651192813,0
1.51396362519988,3.70301564746609,0
1.52830885425911,-0.259666326864328,1
-0.00615115958826784,3.96490321339167,0
3.71706840734446,3.06148780446325,1
-2.33373929824669,2.76132351979648,1
3.67383148753243,0.761537348907909,1
-1.82744570727042,0.40161722642708,1
-0.3063891444696,-0.047660986264618,1
-0.128228701821961,-1.92952785299255,1
-2.01432735491357,0.447383947991443,1
-1.05882325890517,2.35591932830964,1
5.0909918505083,0.316971366484063,1
2.02442304199191,3.70036862125379,0
0.446491258667459,4.21568019789468,0
3.11288497316451,-1.30504312397492,1
1.52840145039944,5.10437954520716,0
0.906675860761154,2.1828806031627,0
1.17941694864091,1.8959941056189,0
-2.59647851075206,1.05248489411241,1
2.94643847273304,3.50444931963237,0
1.6945359957521,1.70947606624127,0
2.69839597718529,0.898978719780588,1
-0.494147172647919,4.54184877601121,0
2.23020484279339,-0.508266927527801,1
1.76154242994833,2.28011084345244,0
-0.767612393696804,5.06098290631641,0
-0.764711857667604,2.08693956178342,0
0.661625968254567,4.89930415802786,0
-1.18428822926281,1.35226684598826,0
2.48224111280604,4.86412636764474,0
1.13377531314162,1.91346763865106,0
-1.56812160624741,1.52519481957817,1
-0.494529112719375,4.3552365550714,0
1.40760349737816,-1.16467333596562,1
1.33653842422457,2.7314024270671,0
-2.09268433419408,1.90640081430561,1
-2.63970164594252,1.30420805024079,1
-2.48993590329018,0.483753327644636,1
-0.19925689928348,2.92748221266422,1
1.2737763548738,2.15790825924623,0
2.3520280828747,2.37765583754335,0
4.56135974067361,3.21696599767008,1
-0.0605047223835022,-2.04426511796785,1
2.84184743873795,-0.189555721601188,1
-0.454581959471834,2.73946062406562,1
-0.903380899771087,1.22359252174645,1
1.54536204474652,3.37482355981624,0
0.338824269566114,1.10867151161483,0
-1.25706298231382,1.77130712542132,1
0.748218434968231,4.51683656601324,0
1.07494617917708,4.00461784809426,0
-1.64160688600234,0.962265576444546,1
-1.8095941522023,1.02330116343717,1
1.6250676006185,3.68559006873483,0
-1.02788159359974,4.33685317246088,0
2.2574362690034,0.122430625241256,1
-0.558285846794447,4.69397302344671,0
1.23112471386115,0.925943297390989,0
-4.92456737855097,3.44435419771284,0
-1.55113585060561,0.724901441939169,1
-2.73409206780523,4.9249717048057,0
-0.000386616244868687,5.64669991089932,0
-2.34140651886871,0.751858110352127,1
-1.39826426879053,2.99849122713538,1
-0.440880001326518,4.8148594561607,0
-0.367053075180568,-2.28298182183779,1
4.32672874557242,2.46936570434372,1
-1.52582757373215,0.652172520856441,1
0.543302625732753,0.539014115418138,0
-0.254900385727737,3.42372284021424,1
-1.57681410922471,1.47689441898917,1
2.28590017412122,-0.383082644343577,1
1.77501367427018,1.73934194750492,0
-1.39255835943261,7.40517626141715,1
2.36635586951074,1.51087514005254,0
-0.894858894160843,4.53011471785097,0
-1.54329195768513,5.00290285775098,0
-1.64432611397637,1.98157289637505,1
0.662410646240666,1.56098214228983,1
-1.97703781977793,5.10630949812677,0
-2.53451274773443,0.166062646130126,1
1.27728694133814,3.17086627169491,0
1.54731878824217,3.89670180869713,0
-3.22098234588379,2.82448036873133,0
0.182613905033289,3.27594515251191,1
2.0706081154645,-0.485649274778317,1
-1.10182395477102,4.59711031033397,0
-2.21035558502258,-0.366923909767004,1
1.66787473165526,2.43828989549188,0
-1.54860433183776,1.47619606974385,1
1.46644766125263,3.85767261632656,0
-2.04331187981714,0.202379722666228,1
1.01056160147515,-0.868157517494258,1
-1.89740830021348,0.501137482586569,1
2.73178670103976,3.9051613354627,0
-1.23804652125144,0.643313545049846,1
1.36064270244342,0.520355111342743,0
-2.47751107207049,4.11168360378949,0
1.19260219680779,4.07749133370706,0
1.81002556422372,-0.227169686109931,1
0.723574774443875,1.0477823115341,0
3.6133852379294,1.0279121979657,1
1.38736544262942,-0.664584864334462,1
0.778256138491581,4.37974600511059,0
-0.958222263679926,2.48904253505542,1
-0.7964091866612,-1.43747606590385,1
1.93829437337879,2.25005912535573,0
0.160115504591207,-0.995655973724819,1
-1.14520592280365,1.50393081241223,1
1.48177611131054,-0.918307644785826,1
6.3909507580164,4.77060157961353,0
-2.64484145827053,-0.63233803719533,1
-0.861818733956003,-0.222552370639386,1
0.589676727542683,-2.11627316581923,1
0.87765589583778,-1.66042794767587,1
1.88630048348133,3.13841130070945,0
-0.270282681586287,6.05630247681096,0
-0.840092340230765,0.481136941428039,1
-4.58110286365717,2.66549835677527,0
-1.80769479982328,0.492241957231195,1
-1.86642362018649,-1.5577158970499,1
3.32325567171629,0.521400771556884,1
-1.3711461805319,0.932176281063794,1
-0.916196343750009,-0.348201448311385,1
-2.17502382358617,1.62505233924734,1
-1.99216504832495,1.6330088632345,1
0.288578673188219,4.86343506496962,0
2.010725441571,2.54416211840375,0
2.11656723299756,2.43888766106655,0
1.88159414581548,4.18317778764841,0
-2.8422792453599,5.86581928456947,0
0.35737079365696,1.65423450638493,1
1.24169024275532,6.95471702281073,1
-0.235871221801213,4.76728103405954,0
2.93903137648474,-1.07821510091996,1
2.40608004897142,-1.69901343719522,1
1.49526490137515,-2.18849863749409,1
2.00860752543565,3.69905264254982,0
-1.78625514931918,4.35150755019525,0
-3.26112926178566,-1.30940333062407,0
-2.46531468377214,1.38678625231798,1
3.46914499349245,0.367405163433396,1
1.42274089239453,2.60640599197541,0
-0.6756523133468,3.22963135802974,1
0.778266178083132,1.42499466618149,0
2.16523502569048,0.0573526406265605,1
0.0972745469218567,4.87769161718555,0
-1.68918397021443,5.99242637109653,0
2.37924798444106,1.7185904875326,0
0.828724100820898,1.93912150942845,0
1.10142803387737,3.15091953634131,0
0.993074493498524,-0.494920634851752,1
0.675636774511789,1.41593286853174,0
2.35214988719262,5.76962163544095,1
3.850551401903,0.634705193465924,1
-0.205138284701514,4.71686942628164,0
-0.502086421093281,-1.80804531989259,1
-0.0805201809364065,3.25003985401239,1
2.98879731302536,-1.98382270952633,1
-1.05098386425237,-1.64964576978367,1
-0.264421484313732,-2.20029061568571,1
0.207801583085285,0.534525796013873,1
1.21362958978288,4.14583961343726,0
2.62995872501572,2.69916622563241,0
1.81565639440113,2.4956378815415,0
1.06983420625759,-0.558472794248378,1
1.71581408962581,1.08063877771299,0
0.952305275552971,2.7834695257594,0
1.8399451454795,-1.05976860107591,1
3.05605775634407,2.19801188930275,0
-0.192127192138157,-1.70207058891701,1
-1.19843184317978,5.37092430087061,0
-4.07158742878134,2.23786519483799,0
-2.58325251636844,1.47952514628199,1
-2.356467204545,1.12343411084678,1
-2.7819706741619,-1.52666451846779,0
-2.73650651035511,4.27411745846714,0
1.06710110148132,5.66984128110936,0
0.425353320370036,6.02834510840749,0
-1.70206775060072,0.793264317809275,1
-1.79985779477565,2.16103646472441,1
-0.201978183444377,-0.821134629371608,1
2.43067440601179,-0.691175458364297,1
0.200459716652246,2.95229017231788,0
0.113001694886345,4.40485928953793,0
-1.53785814913685,2.93556759573505,1
-2.82600045441722,5.31110492556404,0
1.52265715999886,1.97724054896158,0
3.30590743169134,2.36470971265924,1
-2.05967264507824,1.78682160132796,1
-1.47147651928289,4.79499246175405,0
3.12375563838306,6.10479965972578,1
1.93768539397007,4.8721489630758,0
0.963863295251601,4.60594926709165,0
-2.69121012779886,2.0032017577637,1
-2.73320634403059,1.64757634381013,1
0.446483622562401,1.25826591280894,0
1.56276722197881,3.48868676980948,0
-1.62252302464989,4.3646668939627,0
-1.60885181581709,1.64808109631974,1
0.842286590099903,0.716723638518723,0
-0.369201199577595,-0.754295379735253,1
-0.663709531363983,-1.85032202305498,1
0.595828817921425,2.80551750359515,0
-1.48801385411441,0.445934709378402,1
-0.0642908088954125,1.4319962039899,0
1.45579104045881,1.35964055456105,0
-1.10165454121182,1.72919234519256,1
-2.99538452090908,4.25969173039407,0
-1.74908033470784,-0.284864766894471,1
-1.84939586720199,-2.18176515271778,0
0.590393437754697,0.749999425386259,0
-1.11689044557804,-0.529313227834589,1
0.262549324273183,3.38402023597993,1
-0.656944801759274,2.84405497399713,1
-2.59956782479803,1.95013633834979,1
-3.26489940973187,2.77254886924036,0
-4.45067866380739,4.46553311002804,0
0.162083609763007,4.50696472914773,0
1.82974076823931,4.12043476721099,0
0.92113978094502,4.78325091149051,0
1.15471153653312,2.91139437324289,0
2.75337149915404,0.179912775795079,1
-1.96492186623449,0.889212442186738,1
2.80242096514582,-1.94756850733016,1
2.28553823571744,2.59621402653247,0
2.14761125171124,2.88616302497816,0
-1.95517022632624,0.401748266233363,1
0.812916857228398,1.40433212061906,0
0.234638333186872,-0.170460604144675,1
0.90008241377761,1.20719768842775,0
1.50395953032692,4.42927145050768,0
-1.91782958641529,-0.188724517650264,1
-1.86640699264938,4.21202609761629,0
2.90739770411227,0.624070454417914,1
1.768919537196,3.44857411202402,0
1.36890953867063,3.3684030569661,0
0.189913389755068,-0.537530619698311,1
-0.81310907275367,0.898908385383465,1
3.38086208511382,0.12104996562684,1
-0.517620986014061,2.959020753215,1
-1.9101947378308,-0.935677155261246,1
-1.5704864844071,-0.649891199032611,1
-1.50440852239513,2.00394891241894,1
2.21145792758128,-0.242818759470312,1
-1.26900462307012,-1.26617001676066,1
2.37532147202923,2.09690826133303,0
2.56951165891448,2.045728802474,0
-1.87203787850678,1.41422383740429,1
1.09615489236209,-1.7328889076426,1
-0.0664144509333655,5.10679612948155,0
1.13260607839026,-0.466953685268979,1
-3.31564393272486,5.24222430169171,0
0.842530785130247,-0.875204583572383,1
1.90934610656544,2.93096085525474,0
-1.91522115942842,2.80626201494666,1
2.43574048517519,1.45482283784623,0
1.75818562015823,4.85493070000225,0
-3.47898377273815,-0.773339238000188,0
-1.90960430920384,-0.86261269992384,1
-3.52495954327417,3.02983326176882,0
1.09847204464434,-0.772667908450926,1
2.07971874125859,2.16735454232895,0
-1.89009561195142,-0.178573359354175,1
1.98231400690045,2.80728618394809,0
-2.30770038137775,2.39130316663489,1
-0.54568592064115,2.41953448426526,1
-2.56727529019981,1.94003066015064,1
-3.25289932889714,3.43218511682828,0
0.456444724016529,6.01320771248327,0
-1.36201423418822,-0.744470411310087,1
0.208199080828254,4.74192606980188,0
0.200030543509168,5.60441488847059,0
1.91171472806087,2.68245971162196,0
2.03958825515594,2.73180624279688,0
0.657232133647949,5.23728144712841,0
1.49780837462218,3.97510467042739,0
0.33549017875608,1.30403249325889,0
0.371637943396644,-1.12207457634224,1
-0.897950286797199,-0.70712335766529,1
2.52339980023472,2.71148698481711,0
-1.93510384003253,4.53806674127122,0
1.31328088710513,3.51370764070804,0
4.22717803276853,1.978529075371,1
0.528574426076327,4.54826959258088,0
0.929576522684144,1.29840803843662,0
-0.771416385649946,-0.28043257971308,1
-1.02364918410371,-0.291721350645611,1
1.85883032179083,4.06731372589056,0
1.59103804692891,2.91300534950269,0
2.900142201244,1.62938968019703,0
2.20088004652348,0.0781983034997,1
-2.33876430918234,0.408730501495742,1
-0.57835002482418,4.28062473456412,0
1.34245522236593,3.84317208495181,0
1.23097126654757,3.71252841168036,0
-0.134333625470657,-0.638481405594213,1
-1.26400495861905,0.547700012803073,1
0.533286623569265,-3.52149346195255,0
1.18139664971981,4.3865571656431,0
2.08683854896192,1.5685818940508,0
-2.12639633366671,4.27983650214911,0
-1.00999485801385,-0.640947067476342,1
0.384803509258457,3.42338001896548,0
-1.56667736236091,3.46211915585485,1
4.28609682338169,2.58754551469262,1
-1.71064183445391,-0.397468276027605,1
0.236966682875943,1.20509689961755,0
0.467421588514463,2.04989488716669,0
-2.91139050302184,5.36546220239026,0
-2.70039464974793,1.40102415186816,1
-1.53665854300806,4.16308108049292,0
2.31356689415599,3.22938123524262,0
5.07469433171707,-0.0686071597933493,1
-0.311661788726609,4.79672074215009,0
-2.0128335816635,1.43098483404628,1
-0.136117523046509,3.77759810638448,0
-4.90116941501291,1.48275034249054,0
0.673982331977228,0.854515405629573,0
-2.27343559664877,1.37563408980921,1
-1.70530958305913,1.88689533056983,1
0.551372659186868,0.240408981641096,0
-0.0860225952411796,-0.982019819767424,1
1.94405141273123,3.03489163311201,0
-0.337655715026568,-0.711649290241495,1
-1.37045692640105,-1.25318545903768,1
1.4803485384342,2.88814145321739,0
-0.379283774072819,4.89566287538893,0
-2.82761531845779,2.32401940314373,1
2.73524505304122,3.68991698316825,0
-0.961944819838319,1.51719959127942,1
-1.5214847179674,-0.0264242008295907,1
-2.15372644350887,1.01589532091628,1
-0.789123404376334,-0.19670258696126,1
2.20717444095314,3.78234628696451,0
-0.937967893240922,4.76801012935877,0
-0.69329328214752,1.95952900779566,1
-1.30421380327813,1.74186295486591,1
-2.06780806190116,3.68641604077234,0
0.954293721367584,4.17352632537581,0
0.275258386266313,-0.759309924311046,1
3.75767099924931,3.26038979580686,1
-1.32865240751059,1.58836908637553,1
3.50824681542929,-0.0880200824263322,1
2.63320867847508,1.83097076858958,0
-5.4904712638035,5.2740128471306,1
-2.46801711977298,1.77954461600371,1
1.28647991413606,1.36640796090176,0
1.34682287175981,2.81511606230445,0
0.356456212389535,-1.16396606334153,1
2.08653014908873,2.70069748053943,0
3.22504254893959,4.77792596602357,1
0.753517265911114,1.24678252857092,0
-1.15980358635838,0.28173657660239,1
-0.526075383560181,-0.400721034956523,1
-0.534728266551355,4.4318131700249,0
-0.435176206187972,1.90067371513694,0
-0.516547769145428,4.45387540764977,0
-2.03337684890868,1.42090998594223,1
-0.599766199481813,4.34208746668831,0
-0.230450378321712,2.67560980841731,1
2.32183249307855,1.69547880928149,0
-2.19228867398185,4.02606715935693,0
-3.74611101781635,1.37227632412364,0
0.914879573553338,3.30388385670067,0
1.29706542878864,5.03679567797821,0
0.920984055838998,2.08330331764807,0
-1.81633118469484,0.723392284181072,1
-0.681073997441447,-0.0984149825513936,1
1.64629213932415,-0.16172823040186,1
-1.57994875510124,1.83188908480292,1
-0.579269081074162,2.55396861545944,1
2.99900084944356,5.11300043921667,1
3.36823712743338,0.686729884701258,1
-1.91243155858801,3.73944451116543,0
4.08050753333867,0.9973959281618,1
1.64654576524036,5.40847230244537,0
-1.09424454694033,0.839821098312991,1
-0.306467773680192,4.00164389934411,0
1.36814891955261,2.22960974400684,0
0.879822143900523,1.72148655731333,0
-0.442031171578141,-0.155740247025913,1
-0.0296580425255828,-0.686576968956678,1
1.86899013914574,2.19063525840973,0
0.494290898532511,1.12451256183353,0
-0.672677394570101,4.25236504032037,0
-0.153344973106534,-1.36978534086552,1
0.897505044847905,-0.589164835200118,1
-0.414211194800539,-0.191567100074404,1
2.85289448687512,0.428189427114429,1
-1.50853316001021,-1.36886483474403,1
1.00223534757709,-1.2391924658827,1
-3.70359436519358,2.62525196446553,0
2.1078860521613,-0.732138114281465,1
3.76999091088617,2.08194645008661,1
-0.478218464614822,6.20690548334948,0
-2.70419352584564,3.95457529118278,0
1.14177372177821,4.75939019568455,0
3.57726167309866,3.12848744771823,1
1.72960943335387,0.853342517654779,0
-1.8251532111239,0.188355892388318,1
0.758229199347783,3.85839340330888,0
3.6481884401689,1.4926920416737,1
2.29549356980251,4.52172824911853,0
-1.11002407957727,-0.589664356398329,1
-2.81777572773352,0.802179035451468,1
-1.30764040174488,4.77744230937096,0
0.974228141809142,0.737281656585279,0
-0.666400620670313,0.181799462866024,1
-4.12378682011689,2.29848856777894,0
1.18308148863915,-0.750919773803762,1
-0.285781983210784,-2.0598958517649,1
1.11518404505178,3.17013795184968,0
1.28881961913262,1.23707965367625,0
0.299717139261964,4.34635057305159,0
-0.445237731349878,4.48637347993604,0
4.18026538085907,0.375285243234101,1
-0.579713651953239,2.61678038867132,1
-2.1884927121441,1.29934297294556,1
-1.86534634269699,4.80308076609294,0
-2.52652257248447,0.819691912335464,1
0.533295176722763,-0.385459995233097,1
2.21743325052508,3.38805555567451,0
3.3582099821303,1.62703605252695,1
-0.753138292006888,-0.297574337227921,1
1.60507870540398,0.951761595945084,0
4.4401327663506,2.82983531774564,1
3.78149195425289,-0.688987795101184,1
0.118558719885048,1.32035517593118,0
0.91457439215665,3.65649178875596,0
-5.43244684839433,2.82203654796007,0
-1.59393423420598,3.567015170511,1
1.57894430741573,3.87616291441421,0
-0.0854160129907061,4.74036285395998,0
0.442996562517698,4.40514249570867,0
1.15706050643594,4.165367721225,0
-1.67078852721124,4.21722202608902,0
-0.431673071724548,-0.696696085740855,1
1.16864878360855,2.41445314694387,0
-2.15591971935438,0.329094140439958,1
0.777402677584312,0.754933244275873,1
-2.01816922099534,2.24988223940868,1
-0.292103271264954,2.54277760243448,1
-1.10209185621966,4.46593576090714,0
0.541588564313968,3.93217882502199,0
-2.66038926191442,2.87318801215512,1
-0.316005829103389,3.14945923444329,1
-0.56875581667443,-0.650691181726109,1
-0.085979836503802,2.53660901380143,1
1.63649245902642,2.06005970163585,0
1.85129060687575,4.35407948987649,0
-0.642068880405179,2.63933244709651,1
1.07918971690994,-2.73621265188129,1
0.631261291511573,4.5334697386188,0
-4.00607197175375,1.35330258926832,0
5.35460839039733,-0.83815165265212,0
2.08756480408963,2.78615071039878,0
3.25325014294163,0.712457248054268,1
-0.14685049555466,6.13115021036228,0
0.496185890216478,-1.61130749944388,1
-2.17618771973675,0.89996329420523,1
3.78816620471491,0.719295480160689,1
3.33720064205725,2.21665059041509,0
1.70379118369756,1.42310974808299,0
2.05075950462691,2.05323140685781,0
-1.94853597438611,3.02286995143141,1
-0.0022841470169217,-0.640654795749481,1
2.42531466890309,4.43935665828943,0
0.887289291919945,5.40706559961516,0
2.29273355641705,3.31227860105264,0
-0.119303825098115,-1.08853483836599,1
-1.31940921338874,4.0366108221581,0
-0.407029672448951,2.72359334658165,1
-1.50474267102741,-0.0754567459173123,1
-3.94495184993786,-0.0473412679958982,0
-1.93286425834786,2.77712260276913,1
1.06528820620838,4.10758401341177,0
-0.412217856586119,-0.812812110674543,1
-0.818229413146026,-0.540249209833114,1
2.45692174590026,-0.145880672676488,1
0.808020829681181,1.16085585750349,0
-1.35450510251208,0.766271753986104,1
1.74718946320346,3.78002072139332,0
-1.49384318109511,2.8273259827159,1
-0.836927291308083,-0.722515196264126,1
-1.62266878705271,-0.237900826571467,1
0.931650879949514,4.02465991578138,0
-1.57731814755689,-1.26381324812038,1
-0.732743452107163,1.93757924917078,1
1.21047568190684,2.04777202995512,0
2.25409507604347,3.15905125704923,0
-3.2078102219013,3.43063574925835,0
0.354161249675395,2.28713423660222,1
0.708684688217209,3.60129523181259,0
-2.33977148862263,1.40023412799926,1
-0.721979980214499,2.23210941974191,0
2.05700646111119,2.0623508257996,0
-1.54334256473424,2.5482740555601,1
2.34566359508015,4.79076648848293,0
1.7022825344152,4.53519894259509,0
-0.557588334092612,3.32021920332398,1
0.0372002950316817,-2.42727300750476,1
3.03772780367101,4.94593263750304,1
-1.15640257567598,0.104551195573329,1
-1.98591528128533,4.16874198155782,0
-1.76170892969726,2.50427338912171,1
-2.29137314127484,4.58326930205826,0
-1.22487964323612,0.0619791331748407,1
2.22351981257818,4.51367945918474,0
1.61434461335194,4.24652204371145,0
2.03899039456229,3.91732190806607,0
-1.38880671867364,-1.18277208193512,1
-0.913020753782574,0.384672498702247,1
-0.368324446090503,4.92111215978847,0
-2.04582168100326,1.48016823552515,1
0.75250426827103,-0.816488595912805,1
0.58257064758565,-3.51388628911735,0
-1.60660100628434,0.316386738461227,1
2.8353071238548,2.66504750265236,0
-0.778217312875741,-0.91182406076627,1
-1.52479318808856,2.86780235751114,1
3.15073799779364,3.93751600266501,1
-1.87597448567423,2.019304742494,1
-2.116162525101,2.06044048986607,1
-2.60850561655487,0.379274228877492,1
-1.32161355698838,-0.365063268987514,1
-0.221556613258487,-0.260291830304894,1
1.42929964416264,0.290479433733233,0
-0.275073003895877,5.23302582107685,0
3.37673983817779,-0.454453139350926,1
1.36272972968214,1.40131120031409,0
1.73064455060947,1.80833346635286,0
3.74663313424763,3.52941068986279,1
1.05442551363397,2.8631283843098,0
0.444460585847507,4.4644884687441,0
-1.04693147933294,4.6853197314631,0
-1.32074430769973,2.19106338315234,1
-3.15193766113387,3.54767697798993,0
-0.351896202354102,1.85828185718174,0
2.49845548919655,3.37588614162654,0
2.09981272691099,-1.20892765475855,1
-2.22162123299591,-0.503289701528668,1
1.53279018789186,2.79356258266722,0
1.06651608381087,5.02364400690211,0
-4.07975566808597,0.809514095919182,0
-2.03871199631598,1.11828407770289,1
-2.93572937699496,2.39055764768035,1
-2.88763173904494,2.03174610632449,1
-1.34566746366218,0.158186440577031,1
0.254422267208661,2.45399480213331,1
3.89497687230462,4.94056171242984,1
0.0331304736777734,0.887915133036922,0
-3.0574869408158,3.48990326288039,0
2.51578938990516,2.33502981450963,0
3.66977578054049,2.5282641589917,1
0.74800829796973,4.60098794197417,0
-1.83661538151673,6.31251420110765,0
2.15678315683948,-0.824337328907283,1
-1.91469556322034,5.63205953540187,0
-2.60289580806723,3.73364403970231,0
1.08210611358761,4.69334794137888,0
-0.175293576782052,0.423043618004725,1
-1.72851422599383,0.885321299757706,1
1.56397934641699,1.57008071981124,0
-2.12183434201046,1.52212637131234,1
1.71878993673746,2.99148104404688,0
0.857414218297086,4.54044998958806,0
-0.858617509147396,-0.785521198721388,1
-0.924878389573486,5.96266751356694,0
-0.801900071513343,3.08911695916589,1
-1.94280140681252,-0.665039304956458,1
0.7155718304133,5.17678881623295,0
0.147556210559145,4.36777068435703,0
-1.76714722218918,0.393067030954634,1
3.13472674117425,0.619434019851832,1
4.20818678564351,4.51379735071473,1
-2.11532027095336,1.50997647042553,1
0.961218303346124,4.01264829120573,0
-2.27557121266226,-0.401526974994397,1
-1.8476591392795,2.50200924289876,1
-3.86474010470723,1.71784869807164,0
-1.8842335852064,1.82231589568797,1
1.76419967461506,2.46454009615313,0
1.0877086215465,0.486763043024525,0
-1.02551749995348,2.30273363703478,1
-0.388754941324431,4.95195451830803,0
3.12195820640487,-1.50187257362693,1
1.36725036655988,1.54733954674488,0
2.09007621376303,-1.84086668649991,1
2.3548509447616,2.90558041345707,0
-2.32659559502258,1.42032127250379,1
1.65889252269553,-1.78157465512935,1
-1.26809010465583,1.22571777771004,1
-1.0822280279346,1.09044839022429,1
1.27685344245445,3.78304932168431,0
5.23970875150124,-0.373947087232691,1
2.04230882883889,2.82844713810661,0
2.01357230221956,3.5427931152549,0
-2.44701560130535,0.580202210446789,1
-0.461195113402994,-2.93538106707721,0
0.564495672907665,5.49338382755279,0
1.58003274417973,-0.494717646669452,1
-1.39143672917869,-0.725591099743872,1
-3.39727726265506,0.0904316593809695,0
0.337306586295696,3.43839777526807,1
1.54533550001496,-0.637848877387108,1
1.14571840552805,3.23758526727219,0
-2.30564724044646,3.31743913066262,1
-3.8574703381386,4.3114909683818,0
3.63827442627342,0.7214131695141,1
-2.86257193617243,5.45685720070894,0
0.364594133415226,4.83169709790542,0
-0.528084483921331,2.41714478543906,1
2.18937966681748,-0.311105031859606,1
-0.254884089721399,4.59862747478447,0
2.4737049513368,0.217107913990297,1
-1.16139319852533,3.14773025228104,1
-1.07622203562543,1.95363643645583,1
-3.46733520435109,-0.894064862178829,0
0.900349557160613,-0.458818306895353,1
-0.240671492651689,1.43311894956452,0
1.40652920665489,5.15703534696302,0
-1.03350808783323,0.625114491003467,1
1.86419028469763,4.33241763889833,0
-2.18447843385746,0.993930361037464,1
3.55529114066471,4.38995095733558,1
1.60585923974388,2.40040435454491,0
-2.7541595235307,1.91476225568868,1
1.03272593696219,-1.21862954098803,1
-1.47057200070441,0.694687472385354,1
0.480912352463134,-0.629284607563472,1
1.1944301263984,3.80639423920588,0
1.37224280167376,3.5975601513981,0
1.84600050910083,3.34653879816776,0
2.97519245004848,0.0898117189698455,1
-1.43334040255123,-1.68640107363052,1
-3.99840281102766,4.75524926190163,0
-2.28697931015873,3.8718548520912,0
0.841186934881019,1.51209044753363,0
1.96017974179532,1.30478174771458,0
-3.06574890680192,3.96963603813739,0
3.15448225689465,-1.77436932494743,1
-0.265110430953046,-0.554527043829911,1
-2.3557659820617,4.98599111439494,0
2.6111636431294,3.02718393269408,0
1.52859296882114,2.10782441970289,0
-4.09164998388875,0.437431019248247,0
0.237702624076943,-0.0860649794198203,1
-0.324731581654404,5.21594360286764,0
-3.23938227532179,3.88037466885717,0
-2.00903873584582,3.95389779711382,0
-3.30725907675434,2.93409685604397,0
-1.49173879199591,-0.922353376202496,1
2.01175225300448,3.43952667067993,0
0.356190854413664,4.66323349419667,0
-1.48582739718114,2.58315795557801,1
-1.68306171243181,4.82700310237049,0
-0.0325535102885168,1.77134233727422,1
3.01161041591387,0.0752600576018896,1
2.50650510728825,2.61815822402306,0
-2.44674958503963,1.06558278665743,1
1.05997159606421,1.29711169697789,0
-1.6470081048078,2.12762025699995,1
-0.896382052919235,4.73486460593451,0
0.732914451696603,4.89959897367114,0
-3.31861677743654,-1.13794370057931,0
-2.57971523846769,2.33706853620258,1
0.140567746973289,4.32571943382046,0
-1.75558687188335,-2.15693693589977,0
-2.3334301451028,-2.26552432011926,0
-2.3882080037078,3.1108054251128,0
-0.123406121598446,2.87946398809238,1
-2.55117419457185,-1.98227787651041,0
-1.95387061520615,3.75796225120459,0
2.45062645027773,3.14768253174236,0
-2.44062532545845,0.0291885715809257,1
2.58016693572276,-0.749154300283828,1
1.859843863603,3.25079876576817,0
-4.79726865791873,2.84449659514896,0
-0.11328655434035,5.20255108395369,0
1.15877413155864,2.39704323838604,0
1.01803419149474,2.7469562571741,0
-0.342566482584117,4.8919902071175,0
2.17703392403286,6.0609609436876,1
1.89281501671609,5.2050217743855,0
-0.157563092216308,0.542360920125993,1
0.324771894451102,4.20183630881191,0
-0.824986461377977,0.681609421868744,1
1.83763706792832,1.52298163896377,0
0.912318036568243,0.695038740368809,0
-0.553370433331294,5.35176817556991,0
1.19741007531425,4.66044538625002,0
1.50087060552501,-2.15812192270845,1
-2.50376669621205,0.375067147427363,1
0.339519296328165,1.45080298018894,0
4.84916448165397,2.13166792780741,1
-1.24014517774056,2.77216635343646,1
2.73937917800232,-1.51074619247852,1
4.22915038202672,3.50408856333545,1
-2.43254352003337,4.2921895049144,0
0.735517267829384,1.67000399767339,0
-2.60649294088252,1.45378519847553,1
-1.70048370555681,2.827327691615,1
-1.15134962901258,0.441183609914872,1
1.93377665570223,3.33723626491697,0
1.62761031305511,1.74624624910461,0
0.701959827861116,-1.3258154655331,1
-3.09190217238608,0.750679486943672,1
-1.25788109216082,5.27156957620072,0
-1.04455220642475,1.54971200060287,1
-2.18980809520652,2.85005441700906,1
0.032158497657053,4.11442430105939,0
2.32728959466481,4.07078693190936,0
-0.871734101140652,0.158906419554964,1
0.0784290654196362,-0.00533209596601436,1
-1.88736844272877,2.88837881263904,1
-1.32109225905341,-2.89815729339521,0
4.22786659530886,3.8032620889165,1
-2.8231411638599,1.09147591739128,1
-2.11946485150324,0.990446864549954,1
2.70781656785734,2.7735467157361,0
-3.38883227711712,5.67049596131938,0
-2.3457298952228,0.927943208129882,1
2.40136850596793,4.22228880036653,0
2.78475345444799,4.30861929618945,0
-1.12724394875042,-1.47670982570441,1
0.622222604892356,-0.788663307469339,1
-3.87765343667068,2.65636023048841,0
-0.0870439114548234,-1.04737160700112,1
-1.69396593547888,0.802475822086102,1
-2.03975668915722,2.51137436318831,1
-0.971134555069069,2.57483815045136,1
-1.81901672061257,0.979822388730927,1
0.667384850757557,3.87700737760634,0
-3.34104337730342,2.95311475737285,0
-2.01794883915217,4.41408778802112,0
0.507445811324837,1.03650521824349,0
-1.99024229810808,-0.0271234244332788,1
-2.26801592534766,1.65664307757892,1
-1.6583755641696,-0.0206317947473913,1
-2.02193506963143,4.63756476764549,0
0.789627785805939,-0.532144845965937,1
-1.427695949289,1.01981600367051,1
1.23928891872157,0.88575456725186,0
-0.998071818871965,-1.43560174463579,1
-0.234003561214501,-1.20026363175932,1
3.63456040651004,4.35805587225913,1
0.025799436015252,-0.169212194380264,1
-1.11584750130985,-0.710922321599016,1
1.05807022649932,2.4107457729953,0
-5.56135881803823,2.85106117708507,0
-3.7304266751138,1.78342046087822,0
-1.88814390254672,4.01844855076352,0
-0.685003915498328,-0.548593629871273,1
3.67498335992155,4.49265499959124,1
2.41310846902824,3.81933865389968,0
0.0681592377607065,4.2572519619689,0
2.46740731543431,-0.313758238766818,1
-4.04422672988679,3.50388351172665,0
-3.90945044655122,-1.15811205727345,0
4.62410764040494,6.48560000224279,1
-2.25370456874368,0.473760916537761,1
0.462756525965946,2.50082132960553,1
4.064079763936,1.26977502107359,1
-2.13150124505581,1.70311930934872,1
-1.1655386237371,-1.31905694411689,1
-3.47643000887148,5.61414055483686,0
-2.78311371188227,1.88710562388149,1
0.887369453555144,4.32671591196946,0
-2.2649717457265,3.44659751830422,0
2.70929591170979,0.95788302650238,1
2.6332604314145,1.88903130352157,0
1.28144538854502,-1.97671415611254,1
-1.34645160906358,5.65229874144419,0
-1.39805322774293,3.41528041726445,1
-0.992580214440439,-0.301470844960862,1
1.24131740496089,4.14212379510254,0
0.388870344808378,4.9449308847044,0
-0.198517827170392,1.40783951722888,0
-1.96052425665926,2.23180146936954,1
-1.59206468323988,-0.896902006622531,1
1.5066802758763,2.71846911442285,0
-1.13150366951166,0.158488399168818,1
-0.256589823717748,-0.357854615054912,1
1.02715689354568,0.875601247463485,0
1.70832358742861,3.81826477298478,0
1.72787650268501,-0.725650021410375,1
-3.80713566763059,3.02689441314712,0
2.42636531204053,0.857374025136407,1
-2.1081724473897,4.13023489894629,0
1.75082254295147,0.440370787857532,0
4.93706250775566,1.7499595248644,1
-2.42711360121825,0.672474751337868,1
0.166950812047044,4.38530121622384,0
4.8028086925513,2.31333638921839,1
-0.51709641319959,6.15303000356913,0
-1.43659518996376,-0.582138318898292,1
0.531616242262114,-2.20495849002123,1
2.2888079788503,3.1762208140208,0
1.69675169339141,2.66100066711574,0
-0.205865973717543,5.14148904175914,0
-1.79309803916133,0.858999241009137,1
-3.31078433824235,2.178732503881,0
-0.5031752654124,-1.73238770605805,1
2.84161328720061,6.12856588159026,1
-0.303198754033859,6.08604467165526,0
-0.326892335733122,-1.74194136414545,1
-1.60139372551394,1.92700730869949,1
0.992612856183818,2.01208418062177,0
-1.22602522261222,0.765549430324016,1
-3.86268539545303,2.40537865108714,0
-1.80730029039235,2.17987004221345,1
-0.0550858257116934,5.37651218798571,0
1.94251526365013,6.84907760235742,1
0.348176403682025,1.73741360742497,0
1.01582544788425,4.70260614035947,0
0.518664601886524,3.09272981922168,0
-2.55756391735744,0.692086769180968,1
-0.670826100859347,5.11280647179283,0
-1.82044409281559,1.524688404723,1
0.975426737969337,2.22436373199045,0
-1.47897402020073,0.199766423592697,1
-3.64765470612589,2.18656634384876,0
-3.1750695460297,-0.989862982329359,0
-0.297383934599867,2.51388690427941,1
-1.16340887162348,-0.708859901789208,1
3.73943432027512,-1.35851089483664,1
-3.39633204641907,1.94647146372397,0
-1.5989733629328,-1.37757787927488,1
1.30780801842263,1.15860636892385,0
-0.561714591424206,4.23041173081197,0
-1.1058809569333,1.84065289502506,1
-1.09810511147326,1.8570476761711,1
0.117317448389036,1.51639580385054,0
-1.93479744523486,5.90555262253794,0
0.108869121305264,4.69682608903693,0
-0.0944307713546211,3.17438301759534,0
1.2112511309628,3.93800266461816,0
1.30212915884111,2.20106655787837,0
-0.0479092547404626,-0.78633653490699,1
-1.30284946456283,0.49704164446198,1
2.50809271257938,2.92245046677727,0
-2.2522027976689,1.20444667575459,1
-2.54725488938809,0.7407274270372,1
-1.607238861011,-0.965695553350706,1
-1.90514072229116,1.74493273586916,1
4.36908248776517,-0.752658335265942,1
-2.44315930307399,0.977474800638762,1
-1.74786318560951,-0.782691760211666,1
2.65982794882778,1.79649701337606,0
-1.05427021196506,4.79044936708189,0
1.4855518468983,1.6051469989161,0
1.12216538112971,4.01375476408469,0
-2.27276384806501,2.25184079178184,1
-2.04299359697821,4.66720124161408,0
-0.256356029347309,4.64792904324453,0
3.41827768494252,1.2019761564794,1
-2.48497061090066,2.32655587894499,1
2.13386822190487,2.71281111897731,0
-2.36945151143422,-0.340637404135987,1
-0.85543305974129,3.44043644653026,1
-0.370144312870542,-0.608507162258448,1
-2.19849477410201,2.21865762190385,1
0.424136713731812,4.43959409815055,0
-3.01740142625149,0.343753625983388,1
-1.37868285588317,-0.925985285672517,1
-2.585154924421,4.38856051614466,0
3.08481376044901,-1.53860630225417,1
0.427976737114842,-3.195096455994,0
-2.88775999204857,4.08682117433235,0
1.48984448044437,3.9816992411552,0
-3.45761329430743,1.95766786622972,0
-0.33568658440759,-0.71202680980556,1
-4.39035198909761,1.78157184808808,0
-0.103258780181723,4.62523976693041,0
1.82450500687497,2.33707754356374,0
-0.64711870709886,-0.621457420474724,1
0.527729095848836,6.00395598689071,0
3.4943912703043,3.96874076626922,1
-2.00480185352121,0.423439441592412,1
1.84800437606141,2.46625730315952,0
2.13974098847308,-0.0643292715268613,1
0.148598870184836,-0.977655105817582,1
1.24475389245162,3.26203600157747,0
0.441614868243331,1.09930499493038,0
-1.70578184352475,0.842301303373129,1
0.139773064582778,4.75434522711347,0
1.48734089899637,3.00721990103701,0
-0.778353531200442,2.85749370287933,1
-2.07263567793779,0.524852213863452,1
5.61788979559646,1.96706686052691,1
4.00635773674677,1.10703006802478,1
-1.68064576792824,5.49779182319442,0
0.891264910409802,3.63323229629529,0
-0.106831307466098,0.937282858940154,1
-2.11017478355989,4.26317216513289,0
-1.37755732166354,-1.65415505988603,1
-1.75281455366607,1.01774325521583,1
-3.59964384242441,1.65492718537088,0
2.28062878095372,3.08188804920563,0
-1.72507096963803,-0.0884452729968501,1
-0.53472594733137,-1.77966473323887,1
-3.57700433217598,2.40545168024132,0
-2.10993007969788,1.41214281380908,1
4.42301452215746,3.10686857538857,1
1.32688329891842,-0.0765403363791179,1
-0.144405481687755,0.156048292314223,0
-1.92662639936759,0.891949947623593,1
-2.1585525460622,1.81600289104794,1
-2.67964718809158,1.48676003866734,1
-1.24688602270174,3.91229546362227,0
1.10915366171388,5.12867422773692,0
1.46350567235286,-0.555107054577391,1
2.9128741431907,0.1224581387086,1
4.18859772723781,2.70152792283406,1
-5.83749420460887,2.06599212904937,0
-0.881423013438562,2.00911764707655,1
-2.77881985296681,3.61387199424191,0
0.7362882876061,5.04956402559721,0
0.673282990997293,4.48313958124866,0
1.66848964998403,4.20649524686652,0
1.71029929483639,2.11252261112151,0
-0.694751177590277,1.22008974540623,0
0.989221562585837,2.86411649223106,0
0.194151085195794,-0.561414858439079,1
-2.97360247685422,3.62827741703143,0
0.97857513396566,3.89906753497503,0
4.17936093455362,3.96724857388678,1
-1.42660402661989,-1.43860231175927,1
1.29838665733272,2.55215810909092,0
-0.841752594370018,4.84418895206831,0
-0.706278096714657,2.94063365734609,1
-1.85031913457514,3.71776870428824,0
0.905369717150538,3.55502225351798,0
-1.63581471316321,-0.114210726905047,1
2.16456426016778,4.52712651425646,0
-1.73714613638001,5.05925100194523,0
0.59697288303005,6.07657374912199,0
-0.539514235497624,1.13660511810848,1
-1.67009227135978,2.75278027831131,1
0.401193476428406,1.23398336375623,0
0.418307815887721,2.09960659394503,0
-0.121208513631518,-1.75167253082749,1
0.143786044814194,-2.27554900534118,1
1.43495703822262,3.00905859698004,0
-0.602807617144633,5.19579592308701,0
1.13566501588358,3.8614835926224,0
4.16230554817082,2.55568382682359,1
-0.6991826829164,4.31898215986161,0
-2.37708133707953,-0.44962682721834,1
1.00288621867057,1.84672099641192,0
2.49897548180586,1.47312834277235,0
-3.80331294631973,1.91829590468037,0
1.74230517086597,0.641781895764312,0
0.946153111744813,4.05106025948389,0
-3.17925169053483,1.50650189876702,1
1.13729251719206,0.823705326275719,0
-2.18599262299982,1.39575984284578,1
-3.81335388745559,2.29631437749506,0
2.73250962481716,2.44731976196415,0
-1.12737417585791,4.29541817128661,0
-2.12539284604769,0.487604715849538,1
-3.10817674463543,-1.05400543710864,0
5.18285706159714,0.237585748295834,1
0.905018334740497,5.26874641351761,0
0.296257007580738,1.24096409375101,0
2.03594516887884,2.38436339094596,0
-1.31431327435139,2.37614991347095,1
-2.15217169920143,1.58734843822998,1
1.84205116912831,1.8188124453653,0
0.287740505910448,-0.782876683447601,1
1.51843674436592,3.61223982321249,0
0.893556361698799,-0.589484394983644,1
0.419606860073701,4.64461027672456,0
-2.18288569239156,0.435307976940066,1
-1.46945605139813,1.1341995653484,1
-1.9197478746682,4.40259163542687,0
0.466471896870452,-1.11396235411815,1
2.33949627503942,3.8906519210638,0
-1.48788953997401,2.99210989118388,1
-1.97862250451052,1.93960552698293,1
0.573236369909145,2.80675111490996,1
-1.97726885675477,0.648530315397917,1
-0.0508032062813772,-2.9752635441896,0
-0.409010649254703,4.60119816116223,0
-1.93191451684234,-0.0990101731734692,1
2.67615596403423,2.71378922939512,0
3.33707142676027,4.17533330901022,1
-1.54565112654867,-0.507616494625239,1
-1.49079717208337,1.73755038647959,1
-3.31561955379086,4.20082218212862,0
0.338877457907962,1.36476187549605,0
0.042498832709314,0.701657344991486,0
-1.91350119417127,1.55520995810569,1
-3.22954670464307,1.77518940262255,0
1.02269311131095,3.84889369431448,0
1.19453414643912,-1.34556122539858,1
1.95794804557751,3.04207105819944,0
0.333368936071157,1.94061628398966,1
-1.53274845162443,4.03075712504073,0
0.849688383837046,-0.886778458414838,1
0.343973678339817,3.88484088174395,0
3.24116408639804,1.09796002631183,1
-0.537408097783975,3.76007001665716,1
-1.84530455271177,3.33659894485436,1
0.444345347958505,4.33556167944333,0
2.01804147536544,-0.522013592108609,1
4.59480998687628,-0.699314137505549,1
0.967866405389647,2.54777537173168,0
-0.386459073549545,-1.66536150855295,1
0.569919332123811,-3.22234158685225,0
2.99219306829234,5.3170533148781,1
-2.72935658441446,-0.222756259486281,1
-1.08797086060265,-0.563373235336788,1
2.06393284217717,3.54632987312399,0
3.25563407980108,2.94018178455652,0
-1.85615085866033,-1.42306775099009,1
-0.175151503080175,-1.75211878684367,1
-2.53757626275163,0.72891403900379,1
-0.839327204415398,-0.137221962511622,1
2.4572515377705,3.97390434950131,0
0.100799098509067,-1.49346052017391,1
1.18413362694799,5.348026033734,0
1.17154695159344,4.07167938272122,0
-1.87342058806121,-0.0637520910351372,1
-3.00077640984201,1.55751626539342,1
-2.65749248943422,1.92394417317373,1
-1.40102608323203,-0.811416308913747,1
-0.487121317250732,-0.369419317294698,1
-1.52813919951215,3.17014683561557,1
0.0102664461528121,2.86173617153117,0
1.64162686346543,5.25971079157827,0
-0.718818168331182,2.46884115014977,1
2.72945273710554,2.42488201525035,0
0.0584667751422946,2.81693078720884,1
-0.316234923922383,-0.299831483415543,1
-1.27252052075685,5.11593326126408,0
-2.20849359038643,4.74397083555847,0
0.872041007427542,2.53585140173348,0
-0.742241375585376,-0.225354979384757,1
-2.1731804229065,0.453347233139354,1
1.4398070718634,3.51012359588591,0
1.62595494025336,3.96203989623114,0
-2.36892711678405,4.22808154014198,0
1.59937767947084,1.50657938715578,0
-0.620639682807926,0.324264506709417,1
2.8108858064916,3.02120295019286,0
0.1025076405695,1.21352461435006,0
1.23956540433649,-0.583715777817817,1
-2.45849432475825,0.29818478029433,1
-3.7357987994719,1.62183075290669,0
-0.78758699807301,1.71178284935043,1
-1.4639358471491,2.69752775964402,1
-0.209696065731784,7.0274549614918,1
-0.337403737982472,-2.37440042389471,1
-2.56919217209358,0.295105495620218,1
0.810066559795424,2.04165004932319,0
0.442477189499023,-0.913125345391422,1
-2.70026559069041,3.98707991000623,0
-2.47139472832727,4.82416824921791,0
-1.14483659393859,0.0844618457372457,1
1.41930022643135,5.45660484376419,0
0.76996989780146,2.20243153558539,0
2.05663420629847,2.80764775230672,0
3.50642437525466,1.84005944381538,1
0.288553583295462,0.609275347722096,0
-1.24325413443629,-2.52234377786357,0
-1.26966130509322,-0.427971094149301,1
-1.80758609210405,1.61143793801646,1
-3.07525791776705,2.78767518745398,0
-0.422722621743231,-0.547088603569831,1
-1.059405390802,-0.249268045198518,1
1.55985348689116,2.39317034315254,0
0.775722084122442,7.10725428511258,1
0.0765499211272647,-0.454361600124141,1
-1.00271007059452,0.153783006625279,1
2.23369536095147,-2.34494352105197,1
-1.36553627295267,0.620484846512353,1
0.875974898628453,-0.24116274985962,1
-2.54284148072858,1.61224303863961,1
4.61237755155673,1.77522879872968,1
2.86025448937434,3.63191309407389,0
1.57422754220088,0.422148451057555,0
-1.38040919424663,1.99773951515276,1
0.0757081229243077,-0.512799063171943,1
-2.95181307708947,1.68299136236249,1
1.88802218621183,0.951473173321787,0
-3.50177024595656,2.71529885396455,0
2.95296681332324,-2.01014928086539,1
-1.85098080270833,1.55763030420767,1
1.69269086015198,1.43515447729725,0
4.59824854429515,-1.48019560763815,0
-1.142891393291,6.23091479014948,0
-3.70447154584939,0.354464476239692,0
1.89888339042651,3.48462994725919,0
-1.10034670396933,3.96519117784866,0
2.19665712230831,4.234561428861,0
1.91527862679995,1.13855138781969,0
-1.23018581432274,2.30594145959902,1
-2.1669630729312,1.79308609907531,1
-3.67376459702149,3.67587023158662,0
-0.738955891621123,4.66932043763632,0
1.38427354056277,1.79576500026312,0
1.0780123615846,-0.793652444856335,1
0.121482234909056,-0.86080530219075,1
1.45013251330963,4.04365276063602,0
2.1295189188861,-0.144461935608565,1
-1.60940719229082,0.366212938683268,1
1.18084657923804,1.72339211370403,0
-1.75323628214454,0.717412360610238,1
-1.56244541005218,0.896488256152055,1
-1.50519844590839,2.08012459791456,1
1.46117095360293,2.90392275732649,0
1.93465394281737,2.65453305747192,0
-1.31105114632865,1.69001034164458,1
0.332285819895908,-1.39987931501003,1
-3.60419702788611,1.68867558196336,0
-2.62412913913226,0.511068741547275,1
0.288565832517126,4.55735111379995,0
-1.70763738246141,0.816681691929548,1
-0.0449051669708749,2.71295263898805,1
1.14729498800388,4.2170883882679,0
-0.325542125091671,4.82191891496327,0
-2.15711931780653,-0.324626655013469,1
3.31755054757493,4.13733910145524,1
-2.31637072959888,1.46888913919296,1
-2.0935708040169,0.546501364583909,1
-0.0762075830362176,-0.165072817338245,1
-1.29053167901189,6.24778672681499,0
4.35598966670418,5.16657718707041,1
1.56902319913192,3.84752019031815,0
0.847759978674832,-1.003777407354,1
-2.45076324884012,2.08364257157377,1
-1.25774964069801,0.230206901533837,1
-1.23183028375601,4.49730238012553,0
1.95704551526421,1.92794408109242,0
1.67993939094001,3.21230234954112,0
-0.514136380170549,4.16164094062467,0
0.751326617262509,3.11248374762069,0
-1.11583322150377,0.140001582031407,1
1.62512541596601,0.508007245273779,1
1.5414854457036,-1.81152160080382,1
-0.32317375221254,1.36513154155768,0
-2.44331973090069,1.18111982510268,1
3.5461615505893,4.2836449186898,1
2.33782664922686,1.73881003760653,0
1.66339304029288,1.35966000892563,0
5.64779213302854,4.69563485830396,1
-3.4117744714097,2.59483426980302,0
-1.22752339922074,-1.15609562302503,1
-2.08784239453502,-0.0591018250120898,1
3.32675368527159,0.971523039528388,1
1.4850369743543,2.10430973824406,0
2.24942931269148,2.59302085001986,0
-1.49728705956023,-3.15971407054466,0
1.03321888979152,3.10014693324262,0
0.0947486281578112,4.53436337912783,0
-3.6023770715707,2.84383170709745,0
-3.55647745586649,-0.532787038730936,0
-1.04752288808659,4.57439882781657,0
1.36706316312259,-0.280474448901489,1
0.0832158834193265,3.98025559930381,0
2.55580734181586,2.33933758846411,0
2.5162015907733,2.58759705802437,0
1.84844482445046,-0.735439908221569,1
-3.09221320179556,-1.46224541526236,0
2.43308808394776,2.98720823867545,0
-2.51209759167468,1.65148315773392,1
-0.632537885674994,4.44302531623898,0
-0.146991098101677,5.16320428841636,0
5.5305980814456,1.35853964200206,1
-2.64626568278253,1.94974376957136,1
4.09761215404772,2.97782681210223,1
-3.82912947826601,2.56777244492186,0
1.35073455004919,1.52956465807763,0
1.45614531954442,1.55737723057782,0
-1.22583820091711,-0.311823662601458,1
-2.22189451284597,-0.406809494222983,1
-1.28549159157735,-1.11208588631306,1
-1.87074973070139,3.88879037517521,0
-0.853049194906776,-0.471447435881682,1
0.900117882258915,3.89496852904434,0
1.5913033952026,2.0601384522593,0
-2.23795231930171,-0.651243354309488,1
-0.708782417308776,4.17618219757965,0
-2.06096703013849,-0.320627645920101,1
-1.08247807139384,-0.421041503131514,1
1.59514347986536,-2.20600254552404,1
2.35117964471789,3.07247312089225,0
1.22803767086567,1.54927201633327,0
-2.33551310274441,-1.90704292952926,0
-0.514717967142055,-1.28944781620956,1
-2.67818008307533,0.751043898860952,1
-3.55855898744201,2.75814356805385,0
-0.613617236127707,0.718419329814725,0
3.53685728210973,2.69951607027338,1
3.25145987180704,4.55589286298498,1
3.63395526901799,3.54883242360661,1
0.984155313957559,4.03914343791083,0
-0.95033918176268,-0.278135271644385,1
-1.94220912784046,2.0940100724583,1
-3.82521563950754,0.662609898705355,0
1.80532625382398,-0.483975066739891,1
-2.65284701306401,1.52195961892781,1
1.32530667778499,3.53513456892901,0
-0.551044251730669,2.88755232599546,1
-1.79242577854742,1.69297922738768,1
2.71062043859798,2.58548652258095,0
-0.641169264835006,-1.08184151844426,1
0.510868441169688,6.85200779642045,1
-2.01192478514209,1.83746668703335,1
-0.285451228927922,-1.26629200663449,1
-2.6776180054668,2.02435899858203,1
-1.30022000293193,0.600542988967794,1
-0.234617337268204,4.87457711313551,0
2.18498077040553,2.17692054886296,0
0.758715986362726,4.19759282120305,0
-2.64143042595009,0.44240822510072,1
1.40297277566428,2.63955887443678,0
-0.851645125426368,4.83126182705528,0
2.56214779742459,3.09236346758535,0
3.46373387886369,1.96595130034159,1
-1.39503282696848,-2.69629260291974,0
-0.437047525317276,3.70542622892282,0
-0.374199085301002,4.69229479126312,0
-0.575503772040787,-0.18120403895781,1
-0.298941993927013,5.81837254291627,0
-2.6551468523005,0.0416514954473897,1
-2.73131358685896,4.68067907333901,0
-2.13464967130287,0.202161472149542,1
0.186861370403536,5.54352033714949,0
4.15467355042885,2.0521988785556,1
-1.74007450863503,-0.519231146572559,1
-2.83008556966041,1.58264025089956,1
-2.34170808945916,0.0283354923474255,1
-1.30984974960705,3.98686667840034,0
-1.65913624675062,3.9534303892972,0
-0.427153255943672,1.5672812095059,1
1.29147466585955,2.64935095908768,0
0.29151117332972,1.99055085779201,1
0.723428100445079,0.506359728347721,0
2.53660321388805,1.78428984342466,0
-1.1939848276649,3.47346557455523,1
-0.917091855950031,3.59393427709747,1
-5.14751016426482,3.74138669275299,0
1.06708844427168,2.46888389756686,0
1.74988426900343,4.3990572074152,0
5.42306797379981,1.86214847005686,1
1.30499777186017,0.384895094310356,0
-3.31107896163622,3.36154451843352,0
-1.9540501126333,1.02034191574359,1
-0.303706313453755,0.0737384334644964,1
-1.79585350763945,2.6721137393086,1
1.86442760669226,3.71981324810608,0
-0.165034668568743,0.30397211535356,0
-1.89831138557855,0.41755614311609,1
-0.111267688969947,-2.31740571298269,1
-1.52962010074152,0.93716338333525,1
1.80076622778418,2.19753427930736,0
-2.80804325258776,3.71874296865873,0
2.06519598632939,3.06023197604727,0
1.86365293979544,1.52794710519463,0
2.71369745267689,-0.366767954169992,1
-1.96936929556932,-2.69338355234435,0
1.72990643855312,1.75209347867325,0
-0.294367074920278,1.63953692023429,0
-1.79358546160684,0.638719404358217,1
1.97024686032185,-0.469663623938025,1
2.46014822406922,2.62272735215534,0
-2.51532664481954,3.80083402549769,0
2.70723849473972,2.45957784271204,0
1.07857739004226,-1.38231454515556,1
1.01069332336468,4.87525227040746,0
-3.17151736893243,2.78829367917849,0
2.66959477022436,2.06434497087416,0
-3.85067427410406,-0.946044641089375,0
2.56219294686262,2.24011378743478,0
0.463304345344123,3.76112950487745,0
5.27721901569593,3.28727823372367,1
-0.26024980568312,-1.32906827496657,1
0.257809615255864,4.04237623967606,0
-2.22006102651355,3.9639881153228,0
-2.4846931506022,0.267397846561753,1
2.36446605675727,-1.70358720651809,1
-1.34439276920724,-0.342937631505072,1
-0.0172340407594956,5.00589793816076,0
2.11828826037403,6.59556253193062,1
1.85817962842026,1.95866132225546,0
-1.20673763810161,1.44481414667976,1
-1.92553979692156,-2.30416863188884,0
-0.0321009308247622,-1.93414966450198,1
-2.48523028337802,1.22215565970596,1
1.40160253692371,1.84137391873311,0
-3.06761604261026,3.29927212263791,0
1.83491822088643,1.52037793967626,0
-1.66531918495537,2.56918214329596,1
-2.57927017565954,4.44038434954401,0
0.983839721111614,-0.291333943870167,1
0.981316715320578,0.80984677207045,0
-3.04850215776379,5.67113150755253,0
1.9645494116877,3.00483971452499,0
1.9730289949977,-1.26412342216541,1
-2.92117471836574,0.660511988054997,1
-0.346961859334506,2.99634359010764,1
2.33125573309737,3.35534893204744,0
1.27671497187438,2.87985400288998,0
-1.82798896339678,2.3303855617252,1
1.62962866503315,0.776001735081112,0
4.25268256764612,1.04976141923481,1
-1.67084898604535,0.783262658215994,1
-2.22893189780099,-0.932095514708577,1
-2.48150246447129,3.84698236617573,0
2.37158261799012,2.20438489588507,0
1.14381429859588,-0.531502071216633,1
-3.45786302647585,3.55779577941024,0
0.891424689514686,0.752774321368956,0
-0.842379254552115,6.01850193440672,0
1.32781715589547,-0.65136083954193,1
3.42430611328209,1.51217267797732,1
-0.783462441552297,-1.7260226018058,1
-0.0651388002334853,3.4932766269744,1
0.36334854776275,1.83640389760621,0
0.598690573646745,-0.269838529409574,1
-1.83527249392794,0.226225775157169,1
2.40456501711933,4.150297303935,0
-2.69522062222001,1.43833681475208,1
0.980004155579724,4.1880146990395,0
-2.03694829253517,3.35757825557353,1
0.340867058523267,2.62326604065924,1
0.770342304199064,-1.32771322762619,1
-3.7664739595116,2.85161994929012,0
-0.410889703743394,4.75459690648055,0
0.541360979314331,5.77132541231731,0
-1.00432558841617,-0.645742674764951,1
0.418659037213441,-1.64506330465888,1
0.521030906847756,4.61124736395436,0
-1.75938800494006,0.394125718650546,1
-0.520407768416864,1.04900450788909,0
1.5755890817036,0.998701680745957,0
1.46385004535608,3.5513538464701,0
-3.66124795683247,2.67544985875949,0
-1.42547989467925,2.15474132990348,1
1.65937415913256,3.03660382249454,0
-2.27960164932649,0.819759076857507,1
4.13392699646698,0.386150334656318,1
-1.64212889903341,5.48866236115626,0
-2.43883363155919,1.27839265493311,1
-2.47676265974073,3.80386377666069,0
0.226614630706762,4.0663333375583,0
-1.22412830133183,-1.47296608702626,1
-2.78024839825164,4.18117566374088,0
-1.05177076967958,1.07025206284824,1
2.42281343108316,-0.250675554802099,1
6.07244383719427,1.87017012276219,1
-3.80406109675977,2.03126137144643,0
-3.57389406267892,1.80847240425805,0
2.57134674375727,3.30849636907999,0
1.34737989633898,-0.635532607472253,1
1.80093590872904,3.81857294923697,0
-1.4905322749935,0.2621467687913,1
1.43436794492366,3.09437409064632,0
2.10930956134115,-0.526064258911271,1
-1.93924904904727,1.01391245621116,1
-2.06542611706926,5.47630306038835,0
-0.221685956818318,4.80151870478567,0
-2.6941976184263,1.87795808030019,1
0.943486054342159,1.19481487484824,0
1.37010879938038,4.43729513782484,0
0.1335958809115,5.58577699308445,0
-0.126065404188416,1.85233115663839,0
0.171819452632189,1.96983285214653,0
-1.78584970298998,1.6084308920818,1
4.211911881016,-0.63895640385224,1
-1.51861050618689,4.58044047029758,0
-0.645420247541338,-0.405617963186619,1
0.827946509732801,3.02047823944465,0
-1.82047868149611,1.93306171442729,1
-1.26879986583991,-1.21202053148797,1
-0.944308864199296,2.99186460915696,1
0.925719500679074,-2.39135797249533,1
3.73059410989694,2.11497432120578,1
-2.41049344028962,2.38629134302452,1
-0.822002598384455,-1.08075909071449,1
-1.5201049668255,-0.381551478156573,1
0.713713431339432,1.00966547777976,0
1.08470350047602,3.4035193166783,0
2.10974818253834,3.58094492701744,0
-1.83063583416107,4.64933662261258,0
1.1938804120913,3.08033389007475,0
1.85864495422448,2.45183417692651,0
2.40254109540437,2.36753154937072,0
6.14389732122368,2.45267477005777,1
-1.87111323005354,0.904227548187793,1
-1.20913610758102,0.574708609246893,1
1.00435972011898,0.571842020605633,0
1.31820030488618,3.60638242215452,0
-2.63825270970121,3.64715300987165,0
2.22748081063819,2.77937275351648,0
0.610685722181527,1.24209523883004,0
-2.36179571925357,1.64184573535715,1
0.212291724781465,6.80999214249874,1
-1.8966797563591,4.36488983911203,0
-1.90438078990715,-0.404347600836754,1
2.64713790585386,-0.583591501514601,1
0.856670234239706,-2.93387177453082,0
-1.3677909495487,2.42491053695842,1
-0.341650738873067,2.53699635873707,1
0.282512143307672,2.61830428584514,0
0.788954784788751,4.08989432062027,0
1.47540279797336,-0.820285832524873,1
-0.953034779840223,0.668195139061326,1
1.87483783239147,0.71921910894996,0
-2.03640018611965,1.38202982895244,1
-1.8188771346022,2.21544012040406,1
3.85412336347678,-0.113515577819023,1
-3.5416167244664,2.66274530120325,0
2.34618901743461,0.127637982850157,1
1.24964071155151,1.1025802814844,0
0.573233036872209,2.47363309844033,0
-3.16519067018535,4.2951000135769,0
-1.46802382317263,3.37921635002342,1
3.68293968236265,0.403382028945317,1
-2.06514320916496,4.4361679415655,0
1.37738612793138,3.2365465269795,0
-2.16127542221511,2.47245991207386,1
-2.42955044386876,1.9610912814107,1
-0.722059354485649,2.89296302468564,1
-0.963022159609335,5.67337617449612,0
-1.2792599465685,-0.635955024102336,1
0.542541686059384,3.51632376441201,0
-1.29298185569679,0.214054724336342,1
-2.30106848462872,2.16948957736173,1
-2.96917968554301,-2.21844543071538,0
-1.52255993593317,5.85512136253974,0
1.85470345652172,3.04865815249457,0
-3.31047660019509,-0.170070773341626,0
-3.87348898975654,0.907662195198208,0
2.15858659026636,2.50519795304944,0
1.57693762903904,1.46556652454232,0
-1.49057579922266,-1.0596296575838,1
0.0262152388570803,5.352846977203,0
1.34370683019539,-0.564201303919665,1
2.36317975036762,-0.536007242405703,1
-3.95791623820421,0.601790002478,0
-3.43333154125679,2.65656749119642,0
-1.17980338380255,2.38925575534809,1
-1.81548928005055,-0.0569801788994071,1
3.18947828346869,4.94895433787175,1
0.852761903187693,5.0261129196404,0
3.85075518259889,3.20035017789833,1
2.55560819247232,2.57841507899078,0
-0.519056646338159,6.20417642410395,0
0.563893245264569,3.675753867674,0
-1.4598351577528,2.76690964780193,1
3.67288359424498,0.846428619923851,1
1.29278362703737,3.68404616541447,0
2.23635337833608,3.15174948087873,0
0.698387511825482,3.69853394721271,0
-1.91389364762083,3.16800799144157,1
-3.56907808565878,1.19104743714859,0
1.710769895776,1.96903180616374,0
1.34650632178975,1.4156706753695,0
-1.97788650261956,1.33389200343624,1
-1.22029011869907,4.31418488438026,0
1.22058013507072,-1.0412857950988,1
-0.860337051997914,0.55702042108022,1
3.43443084008465,1.1042407695188,1
-1.32700582636397,4.55757920367271,0
1.74874828711751,3.02907882566582,0
-3.80027158447224,0.663755867407835,0
4.04557720143806,2.51800648236571,1
-0.666795126856396,2.10255001298233,1
-0.29519112491163,1.88814870286827,0
-1.94211051336095,1.88308520183415,1
-3.73963348148503,1.68119413098324,0
-2.01631973422703,1.97151033470847,1
-1.68254701516342,1.27437152177325,1
-0.903013115980497,1.82916423417442,1
-1.68824035336756,3.85004355505844,0
1.33069987328866,3.1797706766145,0
2.38031425109475,-0.582211282648679,1
0.233430218472934,4.59467580295921,0
-0.392615681593552,5.14280448163051,0
-1.16950369584994,4.19567696416123,0
2.18530209623063,2.17406074179533,0
0.893544555314702,5.13783198534173,0
-2.17645531280698,4.26689124539938,0
-2.72922505827778,1.50212034051573,1
-2.01371639544291,2.55230046557139,1
-6.74895114696027,1.13216229932056,1
-2.27327160502298,1.67943438721115,1
1.53585043830351,2.39677843064517,0
-2.11849210264657,-0.298625431300831,1
-1.35486308615228,-0.859373521784653,1
-0.0206553835227239,4.44026937518814,0
-2.25303778661326,0.692836051752582,1
0.791384602397898,4.62742997113878,0
1.27660009743242,4.48630330748957,0
2.90568628007085,6.15430012246532,1
-1.71275352077263,-1.6286137549248,1
0.170864178371329,5.57776284482127,0
1.34599606994211,4.53083042553025,0
-4.17651360312986,1.50577413097748,0
1.4468279431846,4.98089261727621,0
-2.00200205170556,3.90426123755769,0
-1.38004047717538,0.28697251122186,1
-2.29296179913788,1.56282343226099,1
-1.53473773720022,0.0504086895876268,1
-2.55333667798669,0.823177252679485,1
-0.375294801090736,-0.970712218501155,1
1.6792490947309,4.88767341160982,0
-2.61141212802299,3.74305998010284,0
-1.66612600630183,-0.719118727128325,1
-0.823895500366163,-0.191037556852027,1
-0.883532299095734,-0.71889463529361,1
-0.59617753340561,5.7772190852919,0
4.5864195394604,-0.52070387071478,1
0.135216046351756,3.71030418169883,0
5.72716929254986,3.04756998495773,1
0.662020109616333,4.58930985430827,0
-2.71292543591414,2.36342957549738,1
-1.92334489024768,0.448335356508839,1
-2.76616484758783,0.147507086897753,1
-1.09779516416902,4.59708961063389,0
-1.57551116588685,0.210373459126004,1
1.95226697603537,2.44273737620168,0
3.15091717920482,-0.138237331505173,1
2.70835223679171,-0.274519363333585,1
2.29683551276521,6.01161525289184,1
1.64668886263399,4.18791569115047,0
-0.397057295909403,1.87169024700529,1
-0.194356046236442,3.98771530436124,0
-0.0224325425944309,-1.8574592316476,1
2.17996810225245,1.58413768548312,0
-1.36873579690631,1.04084653258945,1
5.6248728230945,3.69997737818374,1
0.582591062031535,4.51558669604071,0
1.06080128335179,2.13554587696603,0
6.57558357866095,1.79637536395518,0
-1.07801146794527,-0.535002873080465,1
-1.73339189639124,0.302989212932124,1
-1.2697283838315,0.979761587579541,1
1.73901864175629,5.45905286749485,0
-2.67525972209453,2.97927208625094,0
-3.81317967403614,3.23100453408625,0
-4.20018274590455,1.67561959030174,0
-2.01502429492982,0.329218616573355,1
2.86626521985314,-0.0524678756863146,1
-3.41551363361553,3.6835436349787,0
-1.81042109879031,2.04878610883003,1
2.88006632979741,0.0432318724478911,1
1.73549658136919,3.55094378882747,0
0.250084670245938,3.80261224897737,0
-0.283243682970083,4.06062006903938,0
-0.44264304852965,3.08236687052854,1
-0.128850626671333,-3.44486920226078,0
1.96569915905014,1.97974825913502,0
-2.39599561332259,1.74192759620243,1
0.347498610768454,1.27304516769281,0
1.76359075990771,3.04454649691313,0
-1.71833809319528,1.50483625223316,1
-1.51024972529568,-0.890127550023178,1
0.0753724452920068,4.88517717219458,0
-3.88166425058851,0.932083319708171,0
3.93408826392076,3.47409840391065,1
-3.82353591424831,2.35865322992758,0
-0.968770761193195,2.88773505509341,1
4.16580162245788,2.30814616445614,1
0.513652231217313,5.69558776266449,0
1.3011583196499,2.40718192486442,0
-0.777100890714489,0.371980102690996,1
-0.163817669551762,5.32568784993166,0
-3.95755820842362,-0.312349728489939,0
0.320555599849834,4.36424770991435,0
-0.762084886840853,-0.0473197829504093,1
0.975303490458979,3.50577288598429,0
-1.48378741471879,2.49858969348084,1
-1.24426709537277,2.49048749127244,1
0.839383333461889,-1.7093945588466,1
-2.46547107373333,0.713469175359198,1
2.7829701527762,-0.716937475918614,1
0.813204584463556,2.49158124732007,0
1.53706742978193,5.01708469238013,0
-2.21560518273898,2.01936750233985,1
-1.15601896157979,2.28387456472763,1
2.60952961197703,3.07159887303083,0
-2.2054993223241,0.138109617386992,1
0.929443966348671,3.49164904027905,0
-0.54749312209923,2.18071290254999,1
-1.0530747145161,4.50909845845532,0
-0.867353525807261,-0.413082297997647,1
-2.36781933498328,1.09665653052379,1
-2.08450962446438,1.45894975548164,1
-1.70993042347661,0.3545400495452,1
-2.07677213981807,2.67029062242015,1
2.84200185078532,1.94907277769843,0
-3.33753218742646,-0.40543937791002,0
0.244055762938435,1.55524712712099,0
-1.10835467502184,0.583513254510156,1
-0.407119197208671,-0.721908214092657,1
-1.89876988854406,1.56817878748495,1
1.83187923321464,-0.270067348022936,1
-3.534440286861,2.9097106035305,0
-5.49224776995367,2.40731900505532,0
-1.89802071201089,1.5895832647349,1
2.33547491515221,1.60548955591136,0
-0.856655427765245,5.71575786396864,0
0.773932774425233,4.47285792724699,0
-1.20021894703942,-2.7722529253274,0
-2.43610860091969,0.809800284669127,1
0.369295443719668,1.78006621066345,0
0.597362515509305,-0.739381130705806,1
-2.33404467344021,2.245517017884,1
-1.89509366538746,2.11122354169748,1
-1.15535427232065,-0.254429124160984,1
0.721833749415363,3.38382911188698,0
-0.459587809902926,4.39977478575744,0
-1.01427545560977,2.55905845718589,1
-1.3902142928058,-0.106129081147842,1
-2.85153041465615,1.68227851634312,1
0.264308699781225,1.04629589004417,0
-0.624575801615284,1.63275160338875,0
-2.35273679029545,4.03458358981496,0
-1.39418264260274,0.988344461208522,1
3.94500697544885,2.87967591918243,1
-0.311689314775231,2.96327056682053,1
0.959432173477643,4.13070756994359,0
0.73728863742975,-1.6955645385155,1
-4.00504118273457,0.538651368252398,0
2.56354913813579,3.2487993586796,0
-0.737275976623131,-0.48646172924997,1
1.53384342693209,3.99002462704354,0
1.22729374491462,-2.5818295341253,1
-0.350419824825223,5.65053816930841,0
3.54291483181028,4.6069405463668,1
-2.51902635556021,1.76933466589149,1
-1.58710864081131,1.92633642030399,1
-0.81716571038252,3.35456177690503,1
-3.12521071415416,-0.842284255771264,0
-0.518486227778846,-0.709092008026774,1
-3.86309544269375,-1.28747254799221,0
-2.53039188673221,-0.141529331286415,1
0.146171309272959,6.40537518860916,0
1.4867575661742,1.44273124861634,0
-0.836536653397344,0.245403046154475,1
-1.57411501914147,3.7263960088477,0
-1.84596398507117,1.48826861774382,1
-0.602124893289571,1.76763994128456,0
2.45327243682237,2.15160272893285,0
1.20794067654557,1.1969312054614,0
0.990518245387692,0.255968414345692,0
1.36276790374315,-2.56787935977969,1
2.19760938508787,3.67404620067455,0
-1.04448419349983,-0.230375912746644,1
3.05393926245657,-0.0552699545495807,1
1.92433225463035,1.41395209745516,0
1.53731505184072,-0.939239533385811,1
-0.852212282614764,-0.70159392263827,1
2.20169248995877,-1.29283436204461,1
1.94090469448944,1.15204069178939,0
4.14580813490722,2.60681929213006,1
-2.03925670984906,-0.0320389197692852,1
-2.04286982375194,0.926463474438318,1
-0.575992969490423,0.658356215680652,1
-1.54073326668669,2.71508311234634,1
-1.05562053740271,-0.23099967626814,1
-1.31727244783796,2.65065662060204,1
0.0277603860039157,4.84395664437659,0
2.46889611817398,2.66256586197868,0
1.40073364663979,5.36103783167466,0
2.88030868080518,0.175414651015462,1
-1.28723860239001,0.954653248173114,1
1.04546311698193,2.33461688202431,0
-2.95311791591123,3.52699608584792,0
1.18666404729605,2.05554453446503,0
0.598488086195498,-0.279004126973829,1
0.150854144928637,0.468816209021986,0
0.24891792570552,0.876078888651031,0
-0.954389737154831,-1.31693242047607,1
0.781057400727379,6.00120587059714,0
-1.18609836556517,-1.66401339475617,1
5.89214551231411,4.03385237957611,1
1.15249474097133,1.00064508395888,0
3.00098477004092,0.101234423407051,1
-0.510212783892775,4.83969830899997,0
1.95910059632383,1.45796461326205,0
1.66394465683063,5.51613071456541,0
1.54814595699547,1.0039160832822,0
-1.34610315394367,6.37075953158688,0
1.03346609037494,1.07962615977243,0
-3.9851296154222,2.46580473312871,0
-1.64684031595754,2.55182697111602,1
-0.898584122051626,1.81972528283858,1
-0.195043292589217,1.2395056022231,0
1.97992303711565,1.39950319560152,0
2.11121348029884,3.7728266802304,0
-1.83386740376747,-0.241488690492323,1
-0.408693016973422,-0.24214180062212,1
2.26873151916903,2.5248474168688,0
0.123122995289934,-0.267170042560235,1
-1.52192703224974,-0.68369429682532,1
-0.034487909324749,5.63465607407176,0
2.10653088203876,3.56295250060492,0
2.37519928222387,1.60060497181425,0
1.57950459667523,3.06888273461152,0
2.19766612691797,3.15458969259091,0
1.70340479796473,1.37517973044458,0
1.00778628802878,2.77643728440965,0
1.97677915061142,3.90311570122942,0
1.73645344360287,4.57531750540651,0
-1.64791049038182,1.50399962448661,1
-0.684672039168036,6.2776242720045,0
-4.49330229927777,2.32052870473836,0
1.5793104043717,3.13688965586506,0
0.352769071052095,2.19804960630917,0
0.388574764550839,-0.479828994611426,1
-0.100889463418987,-2.18089597952784,1
2.1015577895939,3.75729354544962,0
5.49417994145519,4.94841682693286,1
-3.90115193077358,0.422500103699828,0
0.698335912154679,4.10418453574917,0
0.176605563353756,1.76901897627829,1
1.02139143793678,3.5355519002267,0
2.04037652367025,3.40763788670543,0
1.03424535148959,2.3731710219257,0
-2.20909197634669,6.5507935167002,0
-4.84192143041192,4.57597487435983,0
0.547866817237887,-0.830759777542953,1
2.10778777324192,4.01510133763465,0
-3.08697406969859,0.266030683744112,0
0.707267472348638,-2.22869762821719,1
2.34822291508129,2.00908913199027,0
-0.082877205350854,4.06636606737384,0
-1.06075105272277,1.98111347588938,1
1.73297936112905,1.77886802216163,0
-3.86308762452582,1.27622226434628,0
-2.25170308395644,-0.592786868062343,1
-0.657934660333275,-1.38600101121757,1
5.29098853957285,0.352981370772757,1
-2.0015796336909,-0.965708189113613,1
0.280539236436291,4.60779396643669,0
0.412426563512218,-0.738571849901092,1
3.49528540999035,4.12254047719085,1
-3.93609079639717,3.04744525704585,0
5.54892237591409,1.49211425557212,1
1.66430602079185,3.71518181373597,0
-3.40497870273305,1.36603860743528,0
2.31179328069438,3.73676495064888,0
-0.800647815763804,3.86196086539633,1
0.971947405605592,4.38047329357097,0
2.55838604673463,-1.70162365953554,1
2.93342168353585,3.03209719155198,0
0.132340797019568,0.346111464753875,1
-2.22395064605947,1.49248531971607,1
-3.22401209721231,2.69821687468037,0
-0.387967566668237,-0.0348335207615618,1
-1.82729923573896,0.0358679895453753,1
0.0233281189208039,-2.28323960746661,1
-3.71785486789088,6.83526235355092,1
2.53362914979749,3.35585671317216,0
-4.09851124173499,5.20917738059615,0
-1.73325322469573,0.719125237899204,1
-1.54373902529182,2.91258235366959,1
1.96354996326348,1.82961790425183,0
-0.916837527769234,1.9692081611247,0
-1.47419592609483,-0.413155679725356,1
1.31493808887785,-0.808407936019819,1
-1.84747082724765,-0.429117057343097,1
0.631204422638814,1.54091101206579,0
1.29111944822846,2.53037445189325,0
1.52031631057058,2.87600389829383,0
2.27564967149998,3.90455866416354,0
1.94190437574046,0.634066120011118,0
0.682677687611368,4.53601794715545,0
3.07607471266608,0.975471341430409,1
0.308774209578661,-1.71782809193459,1
-0.676915417915946,5.09128726357339,0
-3.36380902466134,0.328033399536583,0
1.79920854535904,-0.54015145525193,1
1.35482918547781,4.21618937294443,0
-2.73308761286222,2.12689266112029,1
2.194123587268,2.71015103519917,0
0.821306026980235,4.16672227983033,0
0.566994137063682,-2.04157710799098,1
-1.3109270088911,3.97902871365858,0
3.51213422933746,2.14765852615454,1
-1.46373279469796,0.0680465649416786,1
1.87730391622995,5.26180488665478,0
1.59726114893898,1.50998117751399,0
-2.51353987072059,1.79682449930626,1
-2.55074643427054,0.636036636710626,1
-0.59134921102094,3.49512879191711,1
-2.75371101084215,3.82498702586898,0
-0.798210605121353,5.53540560566689,0
-1.84942201807506,2.41836224918028,1
-1.35821327464415,2.0560305842237,1
0.726660839277435,4.50221610521507,0
1.19043132640485,3.26342326751481,0
-0.235095662885205,0.67965548754086,0
-1.920493908429,1.6172531301639,1
-0.994327617000523,-1.07727200593367,1
1.21287324092751,3.92731227592469,0
1.7300009552769,5.21999313960254,0
1.06810976495512,-0.422180516027973,1
-0.149891976222989,4.53880363207511,0
-1.67908812707279,6.18704677011084,0
-1.05679586344024,2.31009261441632,0
0.267364559959502,1.63979805073513,0
-1.39880187217322,-0.547422058134424,1
-0.795879168337213,5.58270919987508,0
-1.48746114199744,0.971968259999655,1
0.836351757347026,0.680208934813226,0
2.81262234677401,-0.192950090376504,1
-0.178796422724558,-0.513142222664121,1
1.56683374798549,3.27021845259136,0
0.0585600031892231,-0.569919783917751,1
0.891122979825694,3.59382902318322,0
-0.596810744004169,3.01813587159819,1
-1.77580610930119,2.43326858991407,1
0.509335635891731,5.05712953028287,0
-0.603517860459331,2.84982902706177,0
4.30707330775996,1.58015068908393,1
1.60695954076485,3.42694087033063,0
1.5169512901368,-0.534871380409128,1
-1.13810107216614,6.27460224449053,0
1.98430930117847,4.7517328249765,0
0.0240180331990278,2.03718230864522,0
1.99675956410244,-0.96163001464623,1
2.78862507689729,3.28641206883616,0
-1.9315946117122,-0.47756193347731,1
0.0898158268329579,-0.459036176327755,1
2.31032934731149,2.38452651858269,0
0.297309037689056,1.08232740463943,0
-3.42039155934465,0.113856515086764,0
0.657693709101049,0.856095551524009,0
